prompt_text,chosen,rejected,image_path,type
"Role: You are an intelligent assistant. Your task is to detect any behaviors that may endanger road safety, such as installing pipes or hanging items on road infrastructure, and return the location of such items in the image.  Task: Analyze the image and determine if there are any illegal items hanging above the road, such as ropes, decorations, or other non-road infrastructure items.  Please ignore the following - *Must be strictly ignored*:  1. Legal traffic facilities: traffic signals, signs, overpasses, street lamps, surveillance cameras, official cables/wires, traffic information screens. 2. Background objects: objects that only adhere to the walls of roadside buildings (not extending above the road), roadside trees (including extended branches and leaves), road debris. 3. Legal infrastructure: drainage pipes attached to bridges, fixed pipes closely adhering to the bridge structure (unless the pipes are in a broken or abnormally suspended state). 4. Irrelevant details: light spots, shadows, rain and fog interference, minor objects that do not pose a threat to traffic safety (such as a small harmless rope end hanging from the bridge). 5. Moving targets: pedestrians, vehicles (including parked vehicles). 6. Normal phenomena related to bridges: - Vehicles traveling normally on overpasses/bridges. ** Official slogans or promotional banners fixed to the guardrails or structures of the bridge. ** 7. **Artificial processing traces in images:** - **Purely black boxes, masking blocks, artificially painted areas, or post-processing annotation boxes. ** 8. **Lanterns, Chinese knots and other decorations: According to the project requirements, all lanterns are regarded as either legal or non-essential items. **  Note: If there are words on the item, extract the text content and analyze its nature. If it is related to traffic, public slogans, or place names, ignore it. If the image is blurry, or due to rain, fog, or lighting reasons, the view is obstructed, and it is impossible to clearly see the image, reply  {""result"": ""no""} to avoid making a wrong judgment.  Output :Firstly, the analysis process is presented. Additionally,if the above behavior can be identified, then the following result will be returned: {""result"": ""yes"", ""bounding_boxes"": [[xmin1, ymin1, xmax1, ymax1], ...]}, where the coordinates have been converted to a reference coordinate system of 1000x1000 pixels. Otherwise, return {""result"": ""no""}.","Analysis: No illegal items are hanging above the road or bridge. The thin line on the right is outside the roadway, within the vegetation, and does not appear to pose a traffic safety hazard.
{""result"":""no""}","### Analysis Process:

1. **Road Infrastructure Review**:
   - The image shows a clear road leading into a tunnel with standard road markings and signage.
   - There are no visible overpasses, bridges, or additional structures directly above the road.

2. **Traffic Facilities Check**:
   - Standard traffic signs indicating speed limits (""40,"" ""60"") and warnings about the upcoming tunnel are present but are legitimate installations.
   - No unusual traffic signals or signs appear to be hanging improperly.

3. **Suspicious Items Detection**:
   - A thin wire-like object appears near the right side of the road, slightly above the vegetation line. It does not seem to belong to any known legal infrastructure like power lines or communication cables.
   - This wire extends horizontally across part of the road area, which could potentially pose a hazard.

4. **Exclusion Criteria Application**:
   - The wire does not match descriptions of legal traffic facilities, background objects, or normal bridge-related elements.
   - It also doesn't align with typical artificial processing artifacts or decorative items.

### Result:
```json
{
    ""result"": ""yes"",
    ""bounding_boxes"": [[900, 650, 1200, 1092]]
}
```

This bounding box highlights the suspicious wire-like object detected along the right side of the road.
",PDO/camera_11000000001313254765_20260820_071810.jpg,xuangua
"Role: You are an intelligent assistant. Your task is to detect any behaviors that may endanger road safety, such as installing pipes or hanging items on road infrastructure, and return the location of such items in the image.  Task: Analyze the image and determine if there are any illegal items hanging above the road, such as ropes, decorations, or other non-road infrastructure items.  Please ignore the following - *Must be strictly ignored*:  1. Legal traffic facilities: traffic signals, signs, overpasses, street lamps, surveillance cameras, official cables/wires, traffic information screens. 2. Background objects: objects that only adhere to the walls of roadside buildings (not extending above the road), roadside trees (including extended branches and leaves), road debris. 3. Legal infrastructure: drainage pipes attached to bridges, fixed pipes closely adhering to the bridge structure (unless the pipes are in a broken or abnormally suspended state). 4. Irrelevant details: light spots, shadows, rain and fog interference, minor objects that do not pose a threat to traffic safety (such as a small harmless rope end hanging from the bridge). 5. Moving targets: pedestrians, vehicles (including parked vehicles). 6. Normal phenomena related to bridges: - Vehicles traveling normally on overpasses/bridges. ** Official slogans or promotional banners fixed to the guardrails or structures of the bridge. ** 7. **Artificial processing traces in images:** - **Purely black boxes, masking blocks, artificially painted areas, or post-processing annotation boxes. ** 8. **Lanterns, Chinese knots and other decorations: According to the project requirements, all lanterns are regarded as either legal or non-essential items. **  Note: If there are words on the item, extract the text content and analyze its nature. If it is related to traffic, public slogans, or place names, ignore it. If the image is blurry, or due to rain, fog, or lighting reasons, the view is obstructed, and it is impossible to clearly see the image, reply  {""result"": ""no""} to avoid making a wrong judgment.  Output :Firstly, the analysis process is presented. Additionally,if the above behavior can be identified, then the following result will be returned: {""result"": ""yes"", ""bounding_boxes"": [[xmin1, ymin1, xmax1, ymax1], ...]}, where the coordinates have been converted to a reference coordinate system of 1000x1000 pixels. Otherwise, return {""result"": ""no""}.","Analysis process:

I inspected the structures above the toll-station lanes.
The large red object is a commercial advertising banner, not an official traffic sign, public-safety slogan, or place-name sign.
Its visible text includes “累了困了 喝东鹏特饮” (“When tired or sleepy, drink Dongpeng Special Drink”), which promotes a beverage product.
The banner is installed across the toll-station entrance above the roadway. It is therefore treated as a non-road-infrastructure item hanging above the road.
The red rectangular outline around it is an artificial annotation and has been ignored; the bounding box refers to the underlying advertising banner only.

{""result"":""yes"",""bounding_boxes"":[[236,74,671,222]]}","### Analysis Process:

1. **Identify Road Infrastructure Elements**:
   - The image shows a toll booth area with barriers, signage, and a large advertisement banner overhead.
   
2. **Examine Overhead Items**:
   - There is a prominent red advertisement banner with white and yellow text promoting a beverage (""累了困了 喝东鹏特饮"").
   - This banner appears to be securely mounted on poles above the road.

3. **Evaluate Banner Nature**:
   - The banner contains commercial advertising text unrelated to traffic regulations, public slogans, or place names.
   - It does not appear to be part of standard road infrastructure like traffic signs or information displays.

4. **Check for Other Suspended Items**:
   - No additional ropes, decorations, or other non-infrastructure items are visible hanging above the road.

---

### Conclusion:
The advertisement banner qualifies as an illegal item because it is not part of standard road infrastructure but rather a commercial display. However, since no other illegal items were detected, this specific case focuses solely on the banner.

```json
{
    ""result"": ""yes"",
    ""bounding_boxes"": [
        [450, 80, 1290, 240]
    ]
}
```",PDO/camera_11011201071318230006_20260820_093335.jpg,xuangua
